day,date,listed,called,reached,heard,minutes_used,type_switches,arm
1,2026-10-01,60,22,22,12,318.9248125707931,12,Today's rules
2,2026-10-05,60,30,30,11,327.65521728008616,12,Today's rules
3,2026-10-06,60,22,22,12,321.84992177191225,12,Today's rules
4,2026-10-07,60,19,19,11,317.5412330962541,13,Today's rules
5,2026-10-08,60,30,30,11,330.0,11,Today's rules
6,2026-10-09,60,26,26,12,330.0,12,Today's rules
7,2026-10-12,60,25,25,14,330.0,14,Today's rules
8,2026-10-13,60,29,29,16,330.0,16,Today's rules
9,2026-10-14,60,22,22,11,330.0,9,Today's rules
10,2026-10-15,60,24,24,11,320.45705211110385,10,Today's rules
11,2026-10-16,60,37,37,8,330.0,22,Today's rules
12,2026-10-19,60,31,31,13,330.0,14,Today's rules
13,2026-10-21,60,21,21,13,330.0,11,Today's rules
14,2026-10-22,60,32,32,12,330.0,18,Today's rules
15,2026-10-23,60,20,20,12,330.0,8,Today's rules
16,2026-10-26,60,33,33,13,330.0,18,Today's rules
17,2026-10-27,60,30,30,14,330.0,14,Today's rules
18,2026-10-28,60,32,32,12,330.0,17,Today's rules
19,2026-10-29,60,34,34,12,319.07311820521375,15,Today's rules
20,2026-10-30,60,30,30,14,330.0,15,Today's rules
21,2026-11-02,60,22,22,12,330.0,12,Today's rules
22,2026-11-03,60,38,38,13,330.0,16,Today's rules
23,2026-11-04,60,22,22,16,325.60560575245415,12,Today's rules
24,2026-11-05,60,22,22,18,319.493380202974,9,Today's rules
25,2026-11-06,60,27,27,16,330.0,12,Today's rules
26,2026-11-10,60,24,24,12,330.0,14,Today's rules
27,2026-11-11,60,26,26,13,327.878681358143,14,Today's rules
28,2026-11-12,60,41,41,12,325.6952235516618,17,Today's rules
29,2026-11-13,60,21,21,11,330.0,11,Today's rules
30,2026-11-16,60,28,28,10,330.0,12,Today's rules
31,2026-11-17,60,25,25,10,325.95328654779973,12,Today's rules
32,2026-11-18,60,23,23,14,330.0,13,Today's rules
33,2026-11-19,60,20,20,14,330.0,9,Today's rules
34,2026-11-20,60,30,30,12,320.95259202672213,15,Today's rules
35,2026-11-23,60,28,28,12,330.0,15,Today's rules
36,2026-11-24,60,25,25,13,330.0,14,Today's rules
37,2026-11-25,60,21,21,12,330.0,11,Today's rules
38,2026-11-26,60,29,29,11,327.4897048103211,14,Today's rules
39,2026-11-27,60,26,26,13,330.0,11,Today's rules
40,2026-11-30,60,25,25,11,329.341602625219,14,Today's rules
41,2026-12-01,60,25,25,12,323.00710141533904,16,Today's rules
42,2026-12-02,60,26,26,11,316.20640226881756,11,Today's rules
43,2026-12-03,60,28,28,12,330.0,15,Today's rules
44,2026-12-04,60,29,29,11,325.68026441513086,11,Today's rules
45,2026-12-07,60,21,21,13,330.0,8,Today's rules
46,2026-12-08,60,22,22,17,324.94661569517086,11,Today's rules
47,2026-12-09,60,22,22,13,329.2936173607701,11,Today's rules
48,2026-12-10,60,20,20,11,330.0,13,Today's rules
49,2026-12-11,60,30,30,12,321.20174337022615,14,Today's rules
50,2026-12-14,60,23,23,15,330.0,11,Today's rules
51,2026-12-15,60,31,31,12,330.0,19,Today's rules
52,2026-12-16,60,29,29,13,330.0,14,Today's rules
53,2026-12-17,60,37,37,12,330.0,17,Today's rules
54,2026-12-18,60,31,31,13,330.0,15,Today's rules
55,2026-12-21,60,30,30,12,330.0,21,Today's rules
56,2026-12-22,60,21,21,11,330.0,10,Today's rules
57,2026-12-23,60,18,18,13,330.0,12,Today's rules
58,2026-12-24,60,22,22,11,330.0,10,Today's rules
59,2026-12-25,60,25,25,10,317.56847216791283,14,Today's rules
60,2026-12-28,60,21,21,12,329.1700509809949,13,Today's rules
1,2026-10-01,19,19,19,14,330.0,5,Ready-to-List
2,2026-10-05,17,17,17,15,328.6136098686675,3,Ready-to-List
3,2026-10-06,16,16,16,14,330.0,3,Ready-to-List
4,2026-10-07,18,18,18,14,330.0,6,Ready-to-List
5,2026-10-08,16,16,16,15,326.14358921744804,3,Ready-to-List
6,2026-10-09,18,18,18,16,330.0,4,Ready-to-List
7,2026-10-12,17,17,17,15,330.0,3,Ready-to-List
8,2026-10-13,16,15,15,14,326.72947244980605,4,Ready-to-List
9,2026-10-14,16,16,16,14,330.0,3,Ready-to-List
10,2026-10-15,19,19,19,13,325.7792020073786,5,Ready-to-List
11,2026-10-16,20,20,20,17,330.0,6,Ready-to-List
12,2026-10-19,20,20,20,15,330.0,6,Ready-to-List
13,2026-10-21,19,19,19,15,330.0,6,Ready-to-List
14,2026-10-22,19,19,19,16,325.24836326407916,3,Ready-to-List
15,2026-10-23,19,18,18,16,330.0,5,Ready-to-List
16,2026-10-26,19,19,19,13,318.0732326671091,6,Ready-to-List
17,2026-10-27,16,16,16,14,330.0,6,Ready-to-List
18,2026-10-28,18,18,18,16,330.0,5,Ready-to-List
19,2026-10-29,19,19,19,16,330.0,6,Ready-to-List
20,2026-10-30,20,20,20,14,330.0,6,Ready-to-List
21,2026-11-02,15,15,15,14,324.4473724598434,3,Ready-to-List
22,2026-11-03,18,16,16,14,330.0,4,Ready-to-List
23,2026-11-04,19,19,19,17,321.50554414956457,4,Ready-to-List
24,2026-11-05,18,16,16,14,330.0,4,Ready-to-List
25,2026-11-06,18,18,18,14,330.0,5,Ready-to-List
26,2026-11-10,17,16,16,14,330.0,3,Ready-to-List
27,2026-11-11,17,17,17,14,330.0,5,Ready-to-List
28,2026-11-12,19,19,19,16,330.0,6,Ready-to-List
29,2026-11-13,17,16,16,13,319.287060607841,4,Ready-to-List
30,2026-11-16,17,15,15,12,330.0,3,Ready-to-List
31,2026-11-17,18,16,16,14,330.0,3,Ready-to-List
32,2026-11-18,19,19,19,15,330.0,5,Ready-to-List
33,2026-11-19,16,16,16,15,330.0,3,Ready-to-List
34,2026-11-20,19,19,19,17,330.0,3,Ready-to-List
35,2026-11-23,18,17,17,14,330.0,6,Ready-to-List
36,2026-11-24,19,18,18,14,323.1223127931196,4,Ready-to-List
37,2026-11-25,20,20,20,16,330.0,4,Ready-to-List
38,2026-11-26,20,20,20,15,330.0,6,Ready-to-List
39,2026-11-27,17,16,16,15,330.0,2,Ready-to-List
40,2026-11-30,17,17,17,13,330.0,3,Ready-to-List
41,2026-12-01,17,17,17,14,330.0,4,Ready-to-List
42,2026-12-02,16,13,13,13,330.0,1,Ready-to-List
43,2026-12-03,16,14,14,14,324.089963375423,3,Ready-to-List
44,2026-12-04,17,16,16,14,328.96311322216053,2,Ready-to-List
45,2026-12-07,17,17,17,15,319.76690577969674,3,Ready-to-List
46,2026-12-08,18,18,18,14,330.0,3,Ready-to-List
47,2026-12-09,16,13,13,12,330.0,1,Ready-to-List
48,2026-12-10,18,15,15,13,330.0,3,Ready-to-List
49,2026-12-11,16,16,16,13,322.3920966783787,2,Ready-to-List
50,2026-12-14,20,20,20,15,330.0,5,Ready-to-List
51,2026-12-15,18,17,17,12,330.0,3,Ready-to-List
52,2026-12-16,18,16,16,14,330.0,3,Ready-to-List
53,2026-12-17,19,19,19,15,328.911674143839,2,Ready-to-List
54,2026-12-18,21,21,21,18,330.0,2,Ready-to-List
55,2026-12-21,19,18,18,16,330.0,4,Ready-to-List
56,2026-12-22,22,20,20,16,330.0,4,Ready-to-List
57,2026-12-23,23,23,23,18,326.2886490496913,4,Ready-to-List
58,2026-12-24,24,24,24,19,330.0,5,Ready-to-List
59,2026-12-25,26,24,24,17,321.9098374682519,3,Ready-to-List
60,2026-12-28,24,20,20,18,330.0,3,Ready-to-List
1,2026-10-01,23,23,23,18,330.0,7,Without prefiling
2,2026-10-05,16,16,16,13,330.0,2,Without prefiling
3,2026-10-06,18,18,18,15,330.0,5,Without prefiling
4,2026-10-07,21,21,21,17,330.0,7,Without prefiling
5,2026-10-08,18,18,18,16,330.0,3,Without prefiling
6,2026-10-09,17,17,17,13,330.0,4,Without prefiling
7,2026-10-12,16,16,16,13,330.0,3,Without prefiling
8,2026-10-13,17,17,17,16,330.0,4,Without prefiling
9,2026-10-14,21,21,21,11,327.661733647216,6,Without prefiling
10,2026-10-15,20,20,20,17,330.0,6,Without prefiling
11,2026-10-16,20,20,20,16,330.0,6,Without prefiling
12,2026-10-19,19,19,19,13,321.58519454814825,7,Without prefiling
13,2026-10-21,18,18,18,15,330.0,2,Without prefiling
14,2026-10-22,18,17,17,15,330.0,6,Without prefiling
15,2026-10-23,18,17,17,14,328.7309033957214,5,Without prefiling
16,2026-10-26,21,21,21,14,330.0,6,Without prefiling
17,2026-10-27,17,17,17,13,330.0,7,Without prefiling
18,2026-10-28,18,18,18,15,330.0,4,Without prefiling
19,2026-10-29,17,17,17,13,330.0,4,Without prefiling
20,2026-10-30,20,20,20,16,330.0,7,Without prefiling
21,2026-11-02,18,18,18,15,330.0,5,Without prefiling
22,2026-11-03,16,16,16,15,330.0,4,Without prefiling
23,2026-11-04,18,18,18,14,320.7771117681199,2,Without prefiling
24,2026-11-05,18,18,18,13,330.0,6,Without prefiling
25,2026-11-06,19,19,19,16,324.684147158247,6,Without prefiling
26,2026-11-10,19,19,19,16,330.0,5,Without prefiling
27,2026-11-11,15,14,14,12,330.0,5,Without prefiling
28,2026-11-12,17,17,17,13,330.0,5,Without prefiling
29,2026-11-13,15,15,15,13,330.0,4,Without prefiling
30,2026-11-16,15,14,14,13,330.0,5,Without prefiling
31,2026-11-17,16,16,16,12,330.0,3,Without prefiling
32,2026-11-18,17,17,17,16,330.0,2,Without prefiling
33,2026-11-19,16,14,14,14,326.66095256505065,2,Without prefiling
34,2026-11-20,16,14,14,14,330.0,2,Without prefiling
35,2026-11-23,15,15,15,15,330.0,3,Without prefiling
36,2026-11-24,21,21,21,15,330.0,6,Without prefiling
37,2026-11-25,16,16,16,13,322.93184863945453,3,Without prefiling
38,2026-11-26,16,16,16,14,326.1557826762476,1,Without prefiling
39,2026-11-27,17,17,17,15,325.39559749037704,4,Without prefiling
40,2026-11-30,19,19,19,14,330.0,4,Without prefiling
41,2026-12-01,19,19,19,16,330.0,4,Without prefiling
42,2026-12-02,17,15,15,13,330.0,3,Without prefiling
43,2026-12-03,18,18,18,15,330.0,2,Without prefiling
44,2026-12-04,20,20,20,14,330.0,7,Without prefiling
45,2026-12-07,17,14,14,13,330.0,4,Without prefiling
46,2026-12-08,17,17,17,14,330.0,3,Without prefiling
47,2026-12-09,16,16,16,14,324.90209138870523,1,Without prefiling
48,2026-12-10,19,19,19,15,330.0,3,Without prefiling
49,2026-12-11,16,13,13,12,324.821317270336,3,Without prefiling
50,2026-12-14,16,14,14,11,330.0,3,Without prefiling
51,2026-12-15,16,16,16,12,319.1746472990014,2,Without prefiling
52,2026-12-16,16,15,15,12,323.0641217142069,2,Without prefiling
53,2026-12-17,21,18,18,14,330.0,3,Without prefiling
54,2026-12-18,20,20,20,17,330.0,2,Without prefiling
55,2026-12-21,18,17,17,14,326.0877516927665,3,Without prefiling
56,2026-12-22,19,19,19,15,330.0,4,Without prefiling
57,2026-12-23,19,17,17,16,328.8854722932631,3,Without prefiling
58,2026-12-24,23,23,23,17,330.0,3,Without prefiling
59,2026-12-25,24,23,23,19,330.0,3,Without prefiling
60,2026-12-28,23,20,20,18,330.0,3,Without prefiling
1,2026-10-01,19,19,19,17,330.0,4,Without process tracking
2,2026-10-05,18,18,18,15,330.0,4,Without process tracking
3,2026-10-06,17,17,17,15,330.0,2,Without process tracking
4,2026-10-07,20,20,20,12,330.0,5,Without process tracking
5,2026-10-08,17,17,17,14,330.0,3,Without process tracking
6,2026-10-09,19,19,19,14,330.0,4,Without process tracking
7,2026-10-12,17,17,17,14,330.0,3,Without process tracking
8,2026-10-13,19,18,18,15,324.89552731345054,3,Without process tracking
9,2026-10-14,17,17,17,14,330.0,3,Without process tracking
10,2026-10-15,15,14,14,13,325.7397241582669,4,Without process tracking
11,2026-10-16,19,16,16,15,323.4749083345752,3,Without process tracking
12,2026-10-19,19,19,19,13,330.0,4,Without process tracking
13,2026-10-21,19,18,18,16,330.0,3,Without process tracking
14,2026-10-22,20,20,20,15,330.0,5,Without process tracking
15,2026-10-23,17,17,17,15,329.1993920965841,3,Without process tracking
16,2026-10-26,19,17,17,11,330.0,4,Without process tracking
17,2026-10-27,16,15,15,14,330.0,3,Without process tracking
18,2026-10-28,18,18,18,16,330.0,4,Without process tracking
19,2026-10-29,19,19,19,16,330.0,4,Without process tracking
20,2026-10-30,17,17,17,16,330.0,5,Without process tracking
21,2026-11-02,18,18,18,16,330.0,5,Without process tracking
22,2026-11-03,22,22,22,16,330.0,4,Without process tracking
23,2026-11-04,21,21,21,15,330.0,5,Without process tracking
24,2026-11-05,18,17,17,14,330.0,3,Without process tracking
25,2026-11-06,18,18,18,16,330.0,5,Without process tracking
26,2026-11-10,22,22,22,17,330.0,9,Without process tracking
27,2026-11-11,15,15,15,14,330.0,4,Without process tracking
28,2026-11-12,18,18,18,13,330.0,3,Without process tracking
29,2026-11-13,18,18,18,16,330.0,6,Without process tracking
30,2026-11-16,18,18,18,17,330.0,4,Without process tracking
31,2026-11-17,19,19,19,15,330.0,5,Without process tracking
32,2026-11-18,17,16,16,14,330.0,4,Without process tracking
33,2026-11-19,18,18,18,13,330.0,4,Without process tracking
34,2026-11-20,19,19,19,15,330.0,4,Without process tracking
35,2026-11-23,18,16,16,15,330.0,2,Without process tracking
36,2026-11-24,18,17,17,15,330.0,6,Without process tracking
37,2026-11-25,16,14,14,14,330.0,2,Without process tracking
38,2026-11-26,15,15,15,13,330.0,3,Without process tracking
39,2026-11-27,18,16,16,14,330.0,2,Without process tracking
40,2026-11-30,16,16,16,15,330.0,2,Without process tracking
41,2026-12-01,16,16,16,14,330.0,2,Without process tracking
42,2026-12-02,17,17,17,14,330.0,2,Without process tracking
43,2026-12-03,19,16,16,12,330.0,3,Without process tracking
44,2026-12-04,19,17,17,15,324.5904657844591,3,Without process tracking
45,2026-12-07,18,13,13,11,323.9475374289568,3,Without process tracking
46,2026-12-08,19,19,19,13,330.0,5,Without process tracking
47,2026-12-09,18,17,17,16,330.0,2,Without process tracking
48,2026-12-10,18,14,14,12,326.73142591297005,4,Without process tracking
49,2026-12-11,20,19,19,13,330.0,3,Without process tracking
50,2026-12-14,19,16,16,13,327.03899272377055,3,Without process tracking
51,2026-12-15,17,17,17,13,326.6234190095272,1,Without process tracking
52,2026-12-16,20,18,18,17,330.0,2,Without process tracking
53,2026-12-17,21,21,21,15,330.0,4,Without process tracking
54,2026-12-18,22,19,19,15,330.0,4,Without process tracking
55,2026-12-21,20,14,14,14,330.0,2,Without process tracking
56,2026-12-22,21,20,20,17,330.0,2,Without process tracking
57,2026-12-23,22,18,18,16,330.0,4,Without process tracking
58,2026-12-24,23,20,20,16,330.0,4,Without process tracking
59,2026-12-25,21,18,18,14,330.0,4,Without process tracking
60,2026-12-28,21,18,18,15,327.79137399571346,4,Without process tracking
1,2026-10-01,20,20,20,14,330.0,8,Without intent check
2,2026-10-05,17,16,16,15,330.0,5,Without intent check
3,2026-10-06,18,18,18,13,318.0768974939929,7,Without intent check
4,2026-10-07,18,18,18,15,330.0,5,Without intent check
5,2026-10-08,16,16,16,15,330.0,4,Without intent check
6,2026-10-09,18,18,18,15,330.0,6,Without intent check
7,2026-10-12,18,18,18,13,330.0,7,Without intent check
8,2026-10-13,18,18,18,14,330.0,5,Without intent check
9,2026-10-14,16,16,16,13,330.0,5,Without intent check
10,2026-10-15,22,22,22,15,330.0,6,Without intent check
11,2026-10-16,18,18,18,15,319.34341751511454,4,Without intent check
12,2026-10-19,17,17,17,13,330.0,4,Without intent check
13,2026-10-21,20,19,19,15,330.0,5,Without intent check
14,2026-10-22,18,18,18,16,330.0,5,Without intent check
15,2026-10-23,16,16,16,14,330.0,4,Without intent check
16,2026-10-26,19,17,17,16,330.0,5,Without intent check
17,2026-10-27,20,20,20,15,330.0,6,Without intent check
18,2026-10-28,20,20,20,15,330.0,6,Without intent check
19,2026-10-29,16,16,16,13,327.5644953118165,4,Without intent check
20,2026-10-30,16,16,16,14,327.72164868293373,6,Without intent check
21,2026-11-02,17,17,17,14,330.0,4,Without intent check
22,2026-11-03,16,16,16,14,330.0,1,Without intent check
23,2026-11-04,18,18,18,16,323.39816795805757,3,Without intent check
24,2026-11-05,17,17,17,15,328.40571523564904,4,Without intent check
25,2026-11-06,16,15,15,14,325.2324412666459,4,Without intent check
26,2026-11-10,20,20,20,14,330.0,7,Without intent check
27,2026-11-11,17,17,17,16,330.0,3,Without intent check
28,2026-11-12,17,15,15,15,330.0,2,Without intent check
29,2026-11-13,16,16,16,14,330.0,3,Without intent check
30,2026-11-16,18,17,17,13,330.0,6,Without intent check
31,2026-11-17,18,18,18,14,330.0,4,Without intent check
32,2026-11-18,15,14,14,13,330.0,4,Without intent check
33,2026-11-19,18,18,18,16,330.0,4,Without intent check
34,2026-11-20,19,19,19,15,330.0,5,Without intent check
35,2026-11-23,18,18,18,14,325.92678229992765,5,Without intent check
36,2026-11-24,18,16,16,14,330.0,4,Without intent check
37,2026-11-25,16,14,14,13,323.9085885136789,4,Without intent check
38,2026-11-26,16,16,16,13,330.0,1,Without intent check
39,2026-11-27,18,18,18,15,330.0,4,Without intent check
40,2026-11-30,21,21,21,15,330.0,4,Without intent check
41,2026-12-01,16,15,15,13,330.0,2,Without intent check
42,2026-12-02,15,14,14,13,330.0,2,Without intent check
43,2026-12-03,15,14,14,13,330.0,1,Without intent check
44,2026-12-04,20,18,18,16,330.0,3,Without intent check
45,2026-12-07,20,20,20,15,330.0,5,Without intent check
46,2026-12-08,19,19,19,17,330.0,3,Without intent check
47,2026-12-09,16,15,15,14,325.0017913482985,4,Without intent check
48,2026-12-10,20,19,19,15,330.0,3,Without intent check
49,2026-12-11,19,19,19,16,330.0,4,Without intent check
50,2026-12-14,19,18,18,14,319.18384044590584,3,Without intent check
51,2026-12-15,21,19,19,14,320.6432365959603,5,Without intent check
52,2026-12-16,22,22,22,14,330.0,4,Without intent check
53,2026-12-17,18,13,13,13,319.5838723557073,3,Without intent check
54,2026-12-18,22,21,21,16,330.0,4,Without intent check
55,2026-12-21,24,24,24,16,330.0,5,Without intent check
56,2026-12-22,21,20,20,16,328.0836960497297,4,Without intent check
57,2026-12-23,24,21,21,17,330.0,4,Without intent check
58,2026-12-24,28,28,28,17,330.0,5,Without intent check
59,2026-12-25,23,23,23,17,330.0,5,Without intent check
60,2026-12-28,25,21,21,17,323.4520861570137,2,Without intent check
1,2026-10-01,21,21,21,14,330.0,9,Without fixed slot cluster
2,2026-10-05,19,19,19,15,324.02019406956356,4,Without fixed slot cluster
3,2026-10-06,20,20,20,13,330.0,5,Without fixed slot cluster
4,2026-10-07,19,18,18,15,316.62687129462466,6,Without fixed slot cluster
5,2026-10-08,17,16,16,13,326.6585393861923,6,Without fixed slot cluster
6,2026-10-09,20,20,20,17,330.0,6,Without fixed slot cluster
7,2026-10-12,17,17,17,15,330.0,4,Without fixed slot cluster
8,2026-10-13,16,16,16,13,330.0,4,Without fixed slot cluster
9,2026-10-14,19,19,19,14,328.0089096049604,5,Without fixed slot cluster
10,2026-10-15,19,19,19,15,330.0,4,Without fixed slot cluster
11,2026-10-16,18,18,18,16,330.0,3,Without fixed slot cluster
12,2026-10-19,19,19,19,14,325.3097694648413,6,Without fixed slot cluster
13,2026-10-21,17,17,17,15,330.0,4,Without fixed slot cluster
14,2026-10-22,17,17,17,13,330.0,3,Without fixed slot cluster
15,2026-10-23,16,15,15,14,330.0,4,Without fixed slot cluster
16,2026-10-26,22,21,21,13,328.0633297067359,6,Without fixed slot cluster
17,2026-10-27,15,14,14,14,330.0,3,Without fixed slot cluster
18,2026-10-28,19,19,19,16,330.0,6,Without fixed slot cluster
19,2026-10-29,18,18,18,16,330.0,4,Without fixed slot cluster
20,2026-10-30,16,15,15,14,315.92172055690014,2,Without fixed slot cluster
21,2026-11-02,17,17,17,13,328.5894225046017,4,Without fixed slot cluster
22,2026-11-03,18,18,18,17,330.0,6,Without fixed slot cluster
23,2026-11-04,22,22,22,18,330.0,5,Without fixed slot cluster
24,2026-11-05,18,17,17,14,330.0,4,Without fixed slot cluster
25,2026-11-06,18,18,18,14,330.0,3,Without fixed slot cluster
26,2026-11-10,19,19,19,14,320.8110770451922,3,Without fixed slot cluster
27,2026-11-11,16,14,14,13,330.0,3,Without fixed slot cluster
28,2026-11-12,20,20,20,17,330.0,3,Without fixed slot cluster
29,2026-11-13,17,14,14,12,330.0,2,Without fixed slot cluster
30,2026-11-16,19,19,19,16,330.0,5,Without fixed slot cluster
31,2026-11-17,19,19,19,12,324.3360028711766,2,Without fixed slot cluster
32,2026-11-18,19,19,19,15,330.0,3,Without fixed slot cluster
33,2026-11-19,17,17,17,14,330.0,2,Without fixed slot cluster
34,2026-11-20,19,19,19,15,330.0,5,Without fixed slot cluster
35,2026-11-23,18,18,18,15,326.393498172837,3,Without fixed slot cluster
36,2026-11-24,20,19,19,13,330.0,4,Without fixed slot cluster
37,2026-11-25,17,17,17,14,330.0,2,Without fixed slot cluster
38,2026-11-26,19,19,19,15,330.0,5,Without fixed slot cluster
39,2026-11-27,19,19,19,13,330.0,2,Without fixed slot cluster
40,2026-11-30,19,19,19,15,330.0,4,Without fixed slot cluster
41,2026-12-01,18,18,18,14,330.0,4,Without fixed slot cluster
42,2026-12-02,19,19,19,17,330.0,3,Without fixed slot cluster
43,2026-12-03,20,20,20,16,330.0,3,Without fixed slot cluster
44,2026-12-04,19,19,19,13,330.0,5,Without fixed slot cluster
45,2026-12-07,18,18,18,13,321.3238606057819,4,Without fixed slot cluster
46,2026-12-08,20,18,18,13,330.0,3,Without fixed slot cluster
47,2026-12-09,16,14,14,12,325.96116766530173,3,Without fixed slot cluster
48,2026-12-10,18,18,18,15,330.0,5,Without fixed slot cluster
49,2026-12-11,21,21,21,15,330.0,7,Without fixed slot cluster
50,2026-12-14,20,20,20,13,322.30425407579025,5,Without fixed slot cluster
51,2026-12-15,17,16,16,13,330.0,4,Without fixed slot cluster
52,2026-12-16,18,18,18,13,327.99973779971117,3,Without fixed slot cluster
53,2026-12-17,20,20,20,14,325.4910742425918,5,Without fixed slot cluster
54,2026-12-18,24,21,21,17,330.0,4,Without fixed slot cluster
55,2026-12-21,27,27,27,18,330.0,5,Without fixed slot cluster
56,2026-12-22,21,19,19,13,330.0,4,Without fixed slot cluster
57,2026-12-23,25,24,24,17,330.0,4,Without fixed slot cluster
58,2026-12-24,23,22,22,17,330.0,4,Without fixed slot cluster
59,2026-12-25,19,15,15,15,330.0,3,Without fixed slot cluster
60,2026-12-28,23,19,19,17,330.0,4,Without fixed slot cluster
1,2026-10-01,19,19,19,14,330.0,6,Without text signals
2,2026-10-05,18,18,18,15,322.9187887544168,5,Without text signals
3,2026-10-06,20,20,20,13,330.0,6,Without text signals
4,2026-10-07,18,18,18,15,330.0,6,Without text signals
5,2026-10-08,17,16,16,13,328.2399600815332,5,Without text signals
6,2026-10-09,16,16,16,14,330.0,5,Without text signals
7,2026-10-12,19,18,18,15,330.0,3,Without text signals
8,2026-10-13,17,16,16,12,330.0,7,Without text signals
9,2026-10-14,17,16,16,13,321.14550393314255,5,Without text signals
10,2026-10-15,20,20,20,14,330.0,7,Without text signals
11,2026-10-16,20,20,20,16,327.9909948755908,6,Without text signals
12,2026-10-19,17,16,16,15,330.0,3,Without text signals
13,2026-10-21,17,16,16,13,321.62972200509887,6,Without text signals
14,2026-10-22,17,17,17,13,330.0,5,Without text signals
15,2026-10-23,20,20,20,17,330.0,6,Without text signals
16,2026-10-26,20,17,17,13,324.3465856029063,5,Without text signals
17,2026-10-27,17,17,17,15,330.0,5,Without text signals
18,2026-10-28,20,20,20,15,330.0,8,Without text signals
19,2026-10-29,17,17,17,16,330.0,4,Without text signals
20,2026-10-30,18,18,18,15,330.0,5,Without text signals
21,2026-11-02,17,17,17,12,330.0,5,Without text signals
22,2026-11-03,16,16,16,12,323.7190046693696,4,Without text signals
23,2026-11-04,20,20,20,15,330.0,9,Without text signals
24,2026-11-05,19,19,19,14,321.282004326678,5,Without text signals
25,2026-11-06,18,18,18,16,330.0,4,Without text signals
26,2026-11-10,23,23,23,13,330.0,8,Without text signals
27,2026-11-11,17,15,15,15,330.0,3,Without text signals
28,2026-11-12,17,17,17,13,330.0,4,Without text signals
29,2026-11-13,18,18,18,16,330.0,5,Without text signals
30,2026-11-16,17,17,17,15,330.0,5,Without text signals
31,2026-11-17,20,18,18,14,330.0,4,Without text signals
32,2026-11-18,19,19,19,13,317.2118441928594,5,Without text signals
33,2026-11-19,16,16,16,15,330.0,4,Without text signals
34,2026-11-20,18,18,18,15,330.0,7,Without text signals
35,2026-11-23,18,16,16,14,330.0,5,Without text signals
36,2026-11-24,19,18,18,15,330.0,5,Without text signals
37,2026-11-25,20,19,19,14,330.0,3,Without text signals
38,2026-11-26,17,17,17,15,330.0,4,Without text signals
39,2026-11-27,18,17,17,14,320.7035579753239,5,Without text signals
40,2026-11-30,21,21,21,15,330.0,8,Without text signals
41,2026-12-01,18,18,18,17,330.0,4,Without text signals
42,2026-12-02,19,19,19,16,325.8577328047529,5,Without text signals
43,2026-12-03,22,22,22,15,330.0,5,Without text signals
44,2026-12-04,18,16,16,15,322.64704311902227,3,Without text signals
45,2026-12-07,19,19,19,16,330.0,7,Without text signals
46,2026-12-08,18,18,18,13,330.0,6,Without text signals
47,2026-12-09,16,14,14,13,323.89319943415893,4,Without text signals
48,2026-12-10,17,16,16,12,321.77818338816826,4,Without text signals
49,2026-12-11,20,20,20,13,330.0,8,Without text signals
50,2026-12-14,25,25,25,12,308.5106411714494,4,Without text signals
51,2026-12-15,21,21,21,14,330.0,6,Without text signals
52,2026-12-16,18,18,18,12,330.0,5,Without text signals
53,2026-12-17,21,21,21,14,330.0,6,Without text signals
54,2026-12-18,17,17,17,12,327.38059254267375,5,Without text signals
55,2026-12-21,22,22,22,12,330.0,6,Without text signals
56,2026-12-22,21,21,21,13,330.0,7,Without text signals
57,2026-12-23,21,20,20,13,330.0,5,Without text signals
58,2026-12-24,20,20,20,14,330.0,7,Without text signals
59,2026-12-25,19,18,18,15,330.0,6,Without text signals
60,2026-12-28,18,18,18,13,327.37523077881866,6,Without text signals
1,2026-10-01,60,20,20,14,316.98993863586895,9,Without optimiser
2,2026-10-05,60,17,17,14,320.2937367640108,4,Without optimiser
3,2026-10-06,60,14,14,13,330.0,7,Without optimiser
4,2026-10-07,60,17,17,13,321.14469020014684,7,Without optimiser
5,2026-10-08,60,20,20,10,317.90594966197114,9,Without optimiser
6,2026-10-09,60,20,20,15,330.0,11,Without optimiser
7,2026-10-12,60,24,24,14,330.0,10,Without optimiser
8,2026-10-13,60,20,20,11,298.5464288179715,7,Without optimiser
9,2026-10-14,60,22,22,15,330.0,12,Without optimiser
10,2026-10-15,60,24,24,13,328.4650225715453,11,Without optimiser
11,2026-10-16,60,22,22,12,320.40594814175154,12,Without optimiser
12,2026-10-19,60,24,24,13,330.0,4,Without optimiser
13,2026-10-21,60,16,16,14,330.0,4,Without optimiser
14,2026-10-22,60,19,19,14,330.0,6,Without optimiser
15,2026-10-23,60,28,28,11,279.3990485284129,12,Without optimiser
16,2026-10-26,60,30,30,14,330.0,11,Without optimiser
17,2026-10-27,60,20,20,11,304.99750635945793,6,Without optimiser
18,2026-10-28,60,26,26,12,326.32798817699233,12,Without optimiser
19,2026-10-29,60,24,24,14,330.0,11,Without optimiser
20,2026-10-30,60,23,23,15,330.0,10,Without optimiser
21,2026-11-02,60,23,23,17,330.0,7,Without optimiser
22,2026-11-03,60,18,18,12,329.25374719515236,8,Without optimiser
23,2026-11-04,60,30,30,13,326.24248751357345,14,Without optimiser
24,2026-11-05,60,18,18,14,321.2241514830979,8,Without optimiser
25,2026-11-06,60,28,28,14,317.75095541652365,9,Without optimiser
26,2026-11-10,60,19,19,15,325.82537277652045,6,Without optimiser
27,2026-11-11,60,19,19,13,330.0,11,Without optimiser
28,2026-11-12,60,21,21,13,330.0,13,Without optimiser
29,2026-11-13,60,19,19,17,330.0,5,Without optimiser
30,2026-11-16,60,22,22,15,330.0,9,Without optimiser
31,2026-11-17,60,14,14,10,330.0,6,Without optimiser
32,2026-11-18,60,19,19,13,330.0,9,Without optimiser
33,2026-11-19,60,17,17,14,330.0,5,Without optimiser
34,2026-11-20,60,19,19,11,329.26095577736027,6,Without optimiser
35,2026-11-23,60,24,24,15,327.29015398391044,10,Without optimiser
36,2026-11-24,60,24,24,13,330.0,10,Without optimiser
37,2026-11-25,60,14,14,13,316.3928170966809,7,Without optimiser
38,2026-11-26,60,20,20,16,322.7966167921374,9,Without optimiser
39,2026-11-27,60,27,27,14,330.0,13,Without optimiser
40,2026-11-30,60,24,24,13,330.0,8,Without optimiser
41,2026-12-01,60,21,21,13,321.8694846698122,9,Without optimiser
42,2026-12-02,60,17,17,10,223.24129078338723,10,Without optimiser
43,2026-12-03,60,24,24,17,330.0,9,Without optimiser
44,2026-12-04,60,17,17,13,330.0,6,Without optimiser
45,2026-12-07,60,21,21,14,330.0,11,Without optimiser
46,2026-12-08,60,26,26,11,323.1659246483812,10,Without optimiser
47,2026-12-09,60,20,20,13,330.0,4,Without optimiser
48,2026-12-10,60,17,17,11,297.0344886004021,6,Without optimiser
49,2026-12-11,60,17,17,12,330.0,6,Without optimiser
50,2026-12-14,60,21,21,13,330.0,10,Without optimiser
51,2026-12-15,60,24,24,13,330.0,9,Without optimiser
52,2026-12-16,60,24,24,15,315.3628571266807,6,Without optimiser
53,2026-12-17,60,21,21,15,321.584610856676,8,Without optimiser
54,2026-12-18,60,23,23,12,326.33979095248833,12,Without optimiser
55,2026-12-21,60,23,23,15,330.0,7,Without optimiser
56,2026-12-22,60,15,15,13,330.0,6,Without optimiser
57,2026-12-23,60,17,17,14,324.93561433555993,4,Without optimiser
58,2026-12-24,60,22,22,10,330.0,11,Without optimiser
59,2026-12-25,60,27,27,14,330.0,15,Without optimiser
60,2026-12-28,60,21,21,11,328.5247063218688,10,Without optimiser
1,2026-10-01,19,19,19,14,330.0,5,Without smart next date
2,2026-10-05,17,17,17,15,328.6136098686675,3,Without smart next date
3,2026-10-06,16,16,16,14,330.0,3,Without smart next date
4,2026-10-07,18,18,18,14,330.0,6,Without smart next date
5,2026-10-08,16,16,16,15,326.14358921744804,3,Without smart next date
6,2026-10-09,18,18,18,16,330.0,5,Without smart next date
7,2026-10-12,17,17,17,16,330.0,4,Without smart next date
8,2026-10-13,16,15,15,14,326.72947244980605,4,Without smart next date
9,2026-10-14,19,19,19,16,330.0,5,Without smart next date
10,2026-10-15,18,16,16,13,328.9589189045063,3,Without smart next date
11,2026-10-16,17,16,16,14,330.0,4,Without smart next date
12,2026-10-19,16,15,15,14,330.0,3,Without smart next date
13,2026-10-21,16,15,15,13,322.4232807787623,4,Without smart next date
14,2026-10-22,16,16,16,15,323.47344784629263,4,Without smart next date
15,2026-10-23,20,20,20,17,330.0,7,Without smart next date
16,2026-10-26,18,18,18,15,328.31061175659215,4,Without smart next date
17,2026-10-27,19,19,19,15,324.83742947557465,4,Without smart next date
18,2026-10-28,18,18,18,15,328.40773156416725,4,Without smart next date
19,2026-10-29,17,17,17,16,330.0,4,Without smart next date
20,2026-10-30,17,17,17,15,330.0,6,Without smart next date
21,2026-11-02,16,16,16,12,330.0,3,Without smart next date
22,2026-11-03,18,18,18,16,330.0,4,Without smart next date
23,2026-11-04,21,21,21,17,330.0,7,Without smart next date
24,2026-11-05,15,15,15,11,317.29000803367296,3,Without smart next date
25,2026-11-06,19,19,19,16,330.0,5,Without smart next date
26,2026-11-10,19,19,19,13,330.0,5,Without smart next date
27,2026-11-11,19,19,19,17,330.0,6,Without smart next date
28,2026-11-12,16,16,16,14,330.0,5,Without smart next date
29,2026-11-13,19,19,19,14,324.8134939848062,6,Without smart next date
30,2026-11-16,16,15,15,13,330.0,4,Without smart next date
31,2026-11-17,19,19,19,15,330.0,7,Without smart next date
32,2026-11-18,18,18,18,14,330.0,5,Without smart next date
33,2026-11-19,18,18,18,16,330.0,4,Without smart next date
34,2026-11-20,19,19,19,16,330.0,6,Without smart next date
35,2026-11-23,18,18,18,16,322.4300713874548,5,Without smart next date
36,2026-11-24,17,16,16,15,328.82100195638435,3,Without smart next date
37,2026-11-25,19,19,19,16,330.0,4,Without smart next date
38,2026-11-26,16,14,14,12,330.0,2,Without smart next date
39,2026-11-27,17,16,16,15,330.0,5,Without smart next date
40,2026-11-30,17,16,16,13,330.0,4,Without smart next date
41,2026-12-01,16,16,16,14,330.0,3,Without smart next date
42,2026-12-02,16,16,16,15,330.0,3,Without smart next date
43,2026-12-03,17,17,17,13,330.0,3,Without smart next date
44,2026-12-04,17,17,17,14,330.0,4,Without smart next date
45,2026-12-07,17,17,17,12,330.0,4,Without smart next date
46,2026-12-08,20,20,20,15,319.2379760344231,4,Without smart next date
47,2026-12-09,21,17,17,16,330.0,4,Without smart next date
48,2026-12-10,17,17,17,14,316.71821844294857,4,Without smart next date
49,2026-12-11,21,19,19,14,316.9155892761868,6,Without smart next date
50,2026-12-14,19,19,19,15,330.0,3,Without smart next date
51,2026-12-15,22,22,22,18,330.0,5,Without smart next date
52,2026-12-16,22,19,19,17,330.0,4,Without smart next date
53,2026-12-17,24,24,24,18,330.0,7,Without smart next date
54,2026-12-18,25,25,25,18,327.39637006736143,5,Without smart next date
55,2026-12-21,23,18,18,17,330.0,1,Without smart next date
56,2026-12-22,23,20,20,14,323.11128010186553,2,Without smart next date
57,2026-12-23,22,19,19,17,330.0,4,Without smart next date
58,2026-12-24,19,19,19,14,330.0,5,Without smart next date
59,2026-12-25,26,19,19,17,330.0,2,Without smart next date
60,2026-12-28,19,16,16,14,330.0,3,Without smart next date
1,2026-10-01,60,24,24,13,328.0104631713644,15,"Readiness levers only (no optimiser, no smart date)"
2,2026-10-05,59,17,17,15,330.0,3,"Readiness levers only (no optimiser, no smart date)"
3,2026-10-06,60,22,22,15,330.0,9,"Readiness levers only (no optimiser, no smart date)"
4,2026-10-07,60,17,17,15,330.0,10,"Readiness levers only (no optimiser, no smart date)"
5,2026-10-08,60,28,28,16,323.2656604503522,15,"Readiness levers only (no optimiser, no smart date)"
6,2026-10-09,60,21,21,13,330.0,12,"Readiness levers only (no optimiser, no smart date)"
7,2026-10-12,60,19,19,13,330.0,13,"Readiness levers only (no optimiser, no smart date)"
8,2026-10-13,60,17,17,12,324.1087280582538,9,"Readiness levers only (no optimiser, no smart date)"
9,2026-10-14,60,23,23,11,330.0,8,"Readiness levers only (no optimiser, no smart date)"
10,2026-10-15,60,32,32,12,330.0,18,"Readiness levers only (no optimiser, no smart date)"
11,2026-10-16,60,20,20,12,322.90252386382184,8,"Readiness levers only (no optimiser, no smart date)"
12,2026-10-19,60,21,21,16,330.0,12,"Readiness levers only (no optimiser, no smart date)"
13,2026-10-21,60,25,25,17,325.52647200615553,12,"Readiness levers only (no optimiser, no smart date)"
14,2026-10-22,60,28,28,14,324.31068389848207,14,"Readiness levers only (no optimiser, no smart date)"
15,2026-10-23,60,20,20,12,316.42170390095714,12,"Readiness levers only (no optimiser, no smart date)"
16,2026-10-26,60,24,24,14,330.0,10,"Readiness levers only (no optimiser, no smart date)"
17,2026-10-27,60,20,20,14,330.0,9,"Readiness levers only (no optimiser, no smart date)"
18,2026-10-28,60,22,22,17,330.0,6,"Readiness levers only (no optimiser, no smart date)"
19,2026-10-29,60,25,25,16,330.0,11,"Readiness levers only (no optimiser, no smart date)"
20,2026-10-30,60,20,20,14,330.0,13,"Readiness levers only (no optimiser, no smart date)"
21,2026-11-02,60,33,33,13,330.0,11,"Readiness levers only (no optimiser, no smart date)"
22,2026-11-03,60,24,24,15,330.0,10,"Readiness levers only (no optimiser, no smart date)"
23,2026-11-04,60,27,27,19,330.0,10,"Readiness levers only (no optimiser, no smart date)"
24,2026-11-05,60,26,26,14,323.549465437495,9,"Readiness levers only (no optimiser, no smart date)"
25,2026-11-06,60,21,21,11,330.0,8,"Readiness levers only (no optimiser, no smart date)"
26,2026-11-10,60,20,20,13,330.0,13,"Readiness levers only (no optimiser, no smart date)"
27,2026-11-11,60,25,25,15,330.0,14,"Readiness levers only (no optimiser, no smart date)"
28,2026-11-12,60,23,23,14,330.0,9,"Readiness levers only (no optimiser, no smart date)"
29,2026-11-13,60,17,17,12,329.9123983466892,10,"Readiness levers only (no optimiser, no smart date)"
30,2026-11-16,60,22,22,17,330.0,12,"Readiness levers only (no optimiser, no smart date)"
31,2026-11-17,60,18,18,12,330.0,10,"Readiness levers only (no optimiser, no smart date)"
32,2026-11-18,60,20,20,14,321.56492638037815,10,"Readiness levers only (no optimiser, no smart date)"
33,2026-11-19,60,25,25,14,330.0,12,"Readiness levers only (no optimiser, no smart date)"
34,2026-11-20,60,26,26,16,330.0,13,"Readiness levers only (no optimiser, no smart date)"
35,2026-11-23,60,27,27,17,320.7431694913286,16,"Readiness levers only (no optimiser, no smart date)"
36,2026-11-24,60,21,21,14,330.0,9,"Readiness levers only (no optimiser, no smart date)"
37,2026-11-25,60,18,18,12,330.0,10,"Readiness levers only (no optimiser, no smart date)"
38,2026-11-26,60,27,27,15,330.0,13,"Readiness levers only (no optimiser, no smart date)"
39,2026-11-27,60,26,26,15,330.0,14,"Readiness levers only (no optimiser, no smart date)"
40,2026-11-30,60,18,18,13,324.4624903624085,9,"Readiness levers only (no optimiser, no smart date)"
41,2026-12-01,60,23,23,15,330.0,14,"Readiness levers only (no optimiser, no smart date)"
42,2026-12-02,60,19,19,14,330.0,12,"Readiness levers only (no optimiser, no smart date)"
43,2026-12-03,60,19,19,12,328.60715855394346,9,"Readiness levers only (no optimiser, no smart date)"
44,2026-12-04,60,17,17,12,328.17556029845747,6,"Readiness levers only (no optimiser, no smart date)"
45,2026-12-07,60,20,20,14,328.173511145982,12,"Readiness levers only (no optimiser, no smart date)"
46,2026-12-08,60,17,17,14,330.0,9,"Readiness levers only (no optimiser, no smart date)"
47,2026-12-09,60,15,15,12,330.0,8,"Readiness levers only (no optimiser, no smart date)"
48,2026-12-10,60,23,23,13,330.0,11,"Readiness levers only (no optimiser, no smart date)"
49,2026-12-11,60,17,17,12,330.0,10,"Readiness levers only (no optimiser, no smart date)"
50,2026-12-14,60,22,22,14,323.01347667124463,9,"Readiness levers only (no optimiser, no smart date)"
51,2026-12-15,60,21,21,16,330.0,11,"Readiness levers only (no optimiser, no smart date)"
52,2026-12-16,60,20,20,11,330.0,6,"Readiness levers only (no optimiser, no smart date)"
53,2026-12-17,60,23,23,14,330.0,12,"Readiness levers only (no optimiser, no smart date)"
54,2026-12-18,60,20,20,14,322.49949341374696,9,"Readiness levers only (no optimiser, no smart date)"
55,2026-12-21,60,17,17,11,318.38109546330554,9,"Readiness levers only (no optimiser, no smart date)"
56,2026-12-22,60,17,17,12,315.5773316029849,7,"Readiness levers only (no optimiser, no smart date)"
57,2026-12-23,60,22,22,13,330.0,9,"Readiness levers only (no optimiser, no smart date)"
58,2026-12-24,60,17,17,13,330.0,8,"Readiness levers only (no optimiser, no smart date)"
59,2026-12-25,60,19,19,11,330.0,11,"Readiness levers only (no optimiser, no smart date)"
60,2026-12-28,60,20,20,13,319.19913072901966,13,"Readiness levers only (no optimiser, no smart date)"
1,2026-10-01,24,24,24,15,330.0,6,"Scheduling only (no pre-filing, no party input)"
2,2026-10-05,21,20,20,14,330.0,4,"Scheduling only (no pre-filing, no party input)"
3,2026-10-06,20,20,20,14,328.44184988647703,6,"Scheduling only (no pre-filing, no party input)"
4,2026-10-07,20,16,16,14,330.0,5,"Scheduling only (no pre-filing, no party input)"
5,2026-10-08,18,17,17,14,330.0,4,"Scheduling only (no pre-filing, no party input)"
6,2026-10-09,20,17,17,13,330.0,3,"Scheduling only (no pre-filing, no party input)"
7,2026-10-12,22,22,22,15,330.0,5,"Scheduling only (no pre-filing, no party input)"
8,2026-10-13,17,16,16,13,320.9958060819256,3,"Scheduling only (no pre-filing, no party input)"
9,2026-10-14,21,21,21,14,330.0,3,"Scheduling only (no pre-filing, no party input)"
10,2026-10-15,20,20,20,13,330.0,4,"Scheduling only (no pre-filing, no party input)"
11,2026-10-16,21,21,21,13,320.74192855630554,5,"Scheduling only (no pre-filing, no party input)"
12,2026-10-19,23,23,23,15,330.0,6,"Scheduling only (no pre-filing, no party input)"
13,2026-10-21,17,16,16,14,323.3218358104629,3,"Scheduling only (no pre-filing, no party input)"
14,2026-10-22,20,20,20,16,330.0,5,"Scheduling only (no pre-filing, no party input)"
15,2026-10-23,19,18,18,14,330.0,3,"Scheduling only (no pre-filing, no party input)"
16,2026-10-26,21,18,18,12,317.1083834754039,4,"Scheduling only (no pre-filing, no party input)"
17,2026-10-27,23,23,23,15,320.2090970594533,6,"Scheduling only (no pre-filing, no party input)"
18,2026-10-28,19,19,19,14,330.0,6,"Scheduling only (no pre-filing, no party input)"
19,2026-10-29,21,21,21,15,330.0,5,"Scheduling only (no pre-filing, no party input)"
20,2026-10-30,20,19,19,14,330.0,3,"Scheduling only (no pre-filing, no party input)"
21,2026-11-02,17,17,17,14,330.0,4,"Scheduling only (no pre-filing, no party input)"
22,2026-11-03,18,18,18,14,330.0,3,"Scheduling only (no pre-filing, no party input)"
23,2026-11-04,23,20,20,15,330.0,3,"Scheduling only (no pre-filing, no party input)"
24,2026-11-05,22,22,22,11,330.0,6,"Scheduling only (no pre-filing, no party input)"
25,2026-11-06,18,18,18,15,330.0,5,"Scheduling only (no pre-filing, no party input)"
26,2026-11-10,19,19,19,15,330.0,4,"Scheduling only (no pre-filing, no party input)"
27,2026-11-11,22,22,22,15,330.0,4,"Scheduling only (no pre-filing, no party input)"
28,2026-11-12,22,22,22,14,329.8755104263078,8,"Scheduling only (no pre-filing, no party input)"
29,2026-11-13,21,19,19,16,330.0,3,"Scheduling only (no pre-filing, no party input)"
30,2026-11-16,22,22,22,15,325.1798631871309,4,"Scheduling only (no pre-filing, no party input)"
31,2026-11-17,21,21,21,13,330.0,5,"Scheduling only (no pre-filing, no party input)"
32,2026-11-18,21,21,21,16,330.0,7,"Scheduling only (no pre-filing, no party input)"
33,2026-11-19,20,19,19,14,330.0,3,"Scheduling only (no pre-filing, no party input)"
34,2026-11-20,18,16,16,14,327.9466892916257,3,"Scheduling only (no pre-filing, no party input)"
35,2026-11-23,18,17,17,13,330.0,3,"Scheduling only (no pre-filing, no party input)"
36,2026-11-24,18,15,15,13,330.0,3,"Scheduling only (no pre-filing, no party input)"
37,2026-11-25,23,23,23,16,330.0,6,"Scheduling only (no pre-filing, no party input)"
38,2026-11-26,18,18,18,12,325.91454249054016,4,"Scheduling only (no pre-filing, no party input)"
39,2026-11-27,22,22,22,16,330.0,7,"Scheduling only (no pre-filing, no party input)"
40,2026-11-30,25,25,25,14,330.0,5,"Scheduling only (no pre-filing, no party input)"
41,2026-12-01,20,20,20,13,330.0,5,"Scheduling only (no pre-filing, no party input)"
42,2026-12-02,20,20,20,13,320.65224997207343,4,"Scheduling only (no pre-filing, no party input)"
43,2026-12-03,20,19,19,12,330.0,5,"Scheduling only (no pre-filing, no party input)"
44,2026-12-04,28,28,28,14,330.0,5,"Scheduling only (no pre-filing, no party input)"
45,2026-12-07,25,21,21,13,315.56616363073925,3,"Scheduling only (no pre-filing, no party input)"
46,2026-12-08,25,22,22,17,325.75507768790055,3,"Scheduling only (no pre-filing, no party input)"
47,2026-12-09,25,25,25,13,330.0,5,"Scheduling only (no pre-filing, no party input)"
48,2026-12-10,23,23,23,13,329.89037852008266,6,"Scheduling only (no pre-filing, no party input)"
49,2026-12-11,25,25,25,13,330.0,8,"Scheduling only (no pre-filing, no party input)"
50,2026-12-14,27,27,27,12,330.0,7,"Scheduling only (no pre-filing, no party input)"
51,2026-12-15,24,19,19,13,330.0,3,"Scheduling only (no pre-filing, no party input)"
52,2026-12-16,22,18,18,13,330.0,5,"Scheduling only (no pre-filing, no party input)"
53,2026-12-17,24,24,24,11,330.0,6,"Scheduling only (no pre-filing, no party input)"
54,2026-12-18,23,23,23,12,330.0,6,"Scheduling only (no pre-filing, no party input)"
55,2026-12-21,24,24,24,13,326.4262564784709,7,"Scheduling only (no pre-filing, no party input)"
56,2026-12-22,20,17,17,9,330.0,4,"Scheduling only (no pre-filing, no party input)"
57,2026-12-23,26,26,26,13,330.0,8,"Scheduling only (no pre-filing, no party input)"
58,2026-12-24,21,21,21,13,330.0,5,"Scheduling only (no pre-filing, no party input)"
59,2026-12-25,23,23,23,12,326.0129182658301,5,"Scheduling only (no pre-filing, no party input)"
60,2026-12-28,22,22,22,13,317.7591218191682,3,"Scheduling only (no pre-filing, no party input)"
1,2026-10-01,22,21,21,15,330.0,5,Scheduling only + fixed slots and clustering
2,2026-10-05,19,18,18,14,330.0,3,Scheduling only + fixed slots and clustering
3,2026-10-06,20,18,18,15,330.0,4,Scheduling only + fixed slots and clustering
4,2026-10-07,18,16,16,13,330.0,4,Scheduling only + fixed slots and clustering
5,2026-10-08,19,19,19,14,326.25671958074366,6,Scheduling only + fixed slots and clustering
6,2026-10-09,20,19,19,15,328.814347556539,4,Scheduling only + fixed slots and clustering
7,2026-10-12,22,22,22,18,330.0,7,Scheduling only + fixed slots and clustering
8,2026-10-13,17,17,17,14,330.0,5,Scheduling only + fixed slots and clustering
9,2026-10-14,18,18,18,12,330.0,4,Scheduling only + fixed slots and clustering
10,2026-10-15,18,17,17,12,324.6347551371831,5,Scheduling only + fixed slots and clustering
11,2026-10-16,19,19,19,14,323.62207660700267,4,Scheduling only + fixed slots and clustering
12,2026-10-19,20,20,20,12,330.0,6,Scheduling only + fixed slots and clustering
13,2026-10-21,20,20,20,16,330.0,5,Scheduling only + fixed slots and clustering
14,2026-10-22,17,17,17,14,330.0,4,Scheduling only + fixed slots and clustering
15,2026-10-23,22,22,22,15,329.0021731614747,7,Scheduling only + fixed slots and clustering
16,2026-10-26,18,17,17,14,330.0,3,Scheduling only + fixed slots and clustering
17,2026-10-27,19,18,18,14,324.6274564411245,3,Scheduling only + fixed slots and clustering
18,2026-10-28,18,18,18,16,330.0,4,Scheduling only + fixed slots and clustering
19,2026-10-29,20,20,20,15,330.0,7,Scheduling only + fixed slots and clustering
20,2026-10-30,22,22,22,15,330.0,5,Scheduling only + fixed slots and clustering
21,2026-11-02,17,16,16,14,330.0,3,Scheduling only + fixed slots and clustering
22,2026-11-03,24,24,24,17,330.0,4,Scheduling only + fixed slots and clustering
23,2026-11-04,24,24,24,14,330.0,8,Scheduling only + fixed slots and clustering
24,2026-11-05,21,20,20,12,330.0,3,Scheduling only + fixed slots and clustering
25,2026-11-06,18,18,18,13,330.0,6,Scheduling only + fixed slots and clustering
26,2026-11-10,20,20,20,16,330.0,5,Scheduling only + fixed slots and clustering
27,2026-11-11,16,14,14,13,330.0,2,Scheduling only + fixed slots and clustering
28,2026-11-12,20,20,20,13,330.0,7,Scheduling only + fixed slots and clustering
29,2026-11-13,19,19,19,14,330.0,5,Scheduling only + fixed slots and clustering
30,2026-11-16,21,21,21,14,325.8220357295701,7,Scheduling only + fixed slots and clustering
31,2026-11-17,22,22,22,14,327.76292736364616,8,Scheduling only + fixed slots and clustering
32,2026-11-18,18,16,16,13,330.0,2,Scheduling only + fixed slots and clustering
33,2026-11-19,19,18,18,15,330.0,2,Scheduling only + fixed slots and clustering
34,2026-11-20,18,18,18,15,330.0,4,Scheduling only + fixed slots and clustering
35,2026-11-23,18,16,16,14,329.4099215392606,4,Scheduling only + fixed slots and clustering
36,2026-11-24,17,17,17,12,327.2549184186632,4,Scheduling only + fixed slots and clustering
37,2026-11-25,20,19,19,15,330.0,3,Scheduling only + fixed slots and clustering
38,2026-11-26,19,19,19,15,330.0,3,Scheduling only + fixed slots and clustering
39,2026-11-27,20,20,20,13,330.0,7,Scheduling only + fixed slots and clustering
40,2026-11-30,18,17,17,13,330.0,5,Scheduling only + fixed slots and clustering
41,2026-12-01,21,21,21,13,330.0,7,Scheduling only + fixed slots and clustering
42,2026-12-02,19,19,19,15,329.70124576264254,6,Scheduling only + fixed slots and clustering
43,2026-12-03,19,18,18,12,320.7593820276989,3,Scheduling only + fixed slots and clustering
44,2026-12-04,20,18,18,12,323.29596053296484,4,Scheduling only + fixed slots and clustering
45,2026-12-07,21,16,16,11,330.0,3,Scheduling only + fixed slots and clustering
46,2026-12-08,18,18,18,14,328.7847805475439,5,Scheduling only + fixed slots and clustering
47,2026-12-09,24,24,24,14,330.0,4,Scheduling only + fixed slots and clustering
48,2026-12-10,22,22,22,14,330.0,6,Scheduling only + fixed slots and clustering
49,2026-12-11,22,17,17,14,325.10929010254364,4,Scheduling only + fixed slots and clustering
50,2026-12-14,26,26,26,12,324.1871961118846,6,Scheduling only + fixed slots and clustering
51,2026-12-15,24,24,24,13,330.0,5,Scheduling only + fixed slots and clustering
52,2026-12-16,26,26,26,13,330.0,5,Scheduling only + fixed slots and clustering
53,2026-12-17,19,15,15,12,323.5708699732353,3,Scheduling only + fixed slots and clustering
54,2026-12-18,18,15,15,12,317.5780002191767,3,Scheduling only + fixed slots and clustering
55,2026-12-21,22,22,22,13,330.0,5,Scheduling only + fixed slots and clustering
56,2026-12-22,23,23,23,14,330.0,4,Scheduling only + fixed slots and clustering
57,2026-12-23,23,23,23,15,330.0,4,Scheduling only + fixed slots and clustering
58,2026-12-24,23,18,18,14,330.0,3,Scheduling only + fixed slots and clustering
59,2026-12-25,20,20,20,12,330.0,4,Scheduling only + fixed slots and clustering
60,2026-12-28,24,24,24,12,330.0,6,Scheduling only + fixed slots and clustering
